Genome	A01_CKDN240018928-1A_22HVVTLT4_L3_1c.fq.gz Relative Abundance (%)	A01_CKDN240018928-1A_22HVVTLT4_L3_1c.fq.gz Variance	A01_CKDN240018928-1A_22HVVTLT4_L3_1c.fq.gz RPKM	A01_CKDN240018928-1A_22HVVTLT4_L3_1c.fq.gz TPM	A02_CKDN240018929-1A_22HVVTLT4_L3_1c.fq.gz Relative Abundance (%)	A02_CKDN240018929-1A_22HVVTLT4_L3_1c.fq.gz Variance	A02_CKDN240018929-1A_22HVVTLT4_L3_1c.fq.gz RPKM	A02_CKDN240018929-1A_22HVVTLT4_L3_1c.fq.gz TPM	A03_CKDN240018930-1A_22HVVTLT4_L3_1c.fq.gz Relative Abundance (%)	A03_CKDN240018930-1A_22HVVTLT4_L3_1c.fq.gz Variance	A03_CKDN240018930-1A_22HVVTLT4_L3_1c.fq.gz RPKM	A03_CKDN240018930-1A_22HVVTLT4_L3_1c.fq.gz TPM	A04_CKDN240018931-1A_22HVVTLT4_L3_1c.fq.gz Relative Abundance (%)	A04_CKDN240018931-1A_22HVVTLT4_L3_1c.fq.gz Variance	A04_CKDN240018931-1A_22HVVTLT4_L3_1c.fq.gz RPKM	A04_CKDN240018931-1A_22HVVTLT4_L3_1c.fq.gz TPM	A05_CKDN240018932-1A_22HVVTLT4_L3_1c.fq.gz Relative Abundance (%)	A05_CKDN240018932-1A_22HVVTLT4_L3_1c.fq.gz Variance	A05_CKDN240018932-1A_22HVVTLT4_L3_1c.fq.gz RPKM	A05_CKDN240018932-1A_22HVVTLT4_L3_1c.fq.gz TPM	A06_CKDN240018933-1A_22HVVTLT4_L3_1c.fq.gz Relative Abundance (%)	A06_CKDN240018933-1A_22HVVTLT4_L3_1c.fq.gz Variance	A06_CKDN240018933-1A_22HVVTLT4_L3_1c.fq.gz RPKM	A06_CKDN240018933-1A_22HVVTLT4_L3_1c.fq.gz TPM	A07_CKDN240018934-1A_22HVVTLT4_L3_1c.fq.gz Relative Abundance (%)	A07_CKDN240018934-1A_22HVVTLT4_L3_1c.fq.gz Variance	A07_CKDN240018934-1A_22HVVTLT4_L3_1c.fq.gz RPKM	A07_CKDN240018934-1A_22HVVTLT4_L3_1c.fq.gz TPM	A08_CKDN240018935-1A_22HVVTLT4_L3_1c.fq.gz Relative Abundance (%)	A08_CKDN240018935-1A_22HVVTLT4_L3_1c.fq.gz Variance	A08_CKDN240018935-1A_22HVVTLT4_L3_1c.fq.gz RPKM	A08_CKDN240018935-1A_22HVVTLT4_L3_1c.fq.gz TPM	A09_CKDN240018936-1A_22HVVTLT4_L3_1c.fq.gz Relative Abundance (%)	A09_CKDN240018936-1A_22HVVTLT4_L3_1c.fq.gz Variance	A09_CKDN240018936-1A_22HVVTLT4_L3_1c.fq.gz RPKM	A09_CKDN240018936-1A_22HVVTLT4_L3_1c.fq.gz TPM	A10_CKDN240018937-1A_22HVVTLT4_L3_1c.fq.gz Relative Abundance (%)	A10_CKDN240018937-1A_22HVVTLT4_L3_1c.fq.gz Variance	A10_CKDN240018937-1A_22HVVTLT4_L3_1c.fq.gz RPKM	A10_CKDN240018937-1A_22HVVTLT4_L3_1c.fq.gz TPM	A11_CKDN240018938-1A_22HVVTLT4_L3_1c.fq.gz Relative Abundance (%)	A11_CKDN240018938-1A_22HVVTLT4_L3_1c.fq.gz Variance	A11_CKDN240018938-1A_22HVVTLT4_L3_1c.fq.gz RPKM	A11_CKDN240018938-1A_22HVVTLT4_L3_1c.fq.gz TPM	A12_CKDN240018939-1A_22HVVTLT4_L3_1c.fq.gz Relative Abundance (%)	A12_CKDN240018939-1A_22HVVTLT4_L3_1c.fq.gz Variance	A12_CKDN240018939-1A_22HVVTLT4_L3_1c.fq.gz RPKM	A12_CKDN240018939-1A_22HVVTLT4_L3_1c.fq.gz TPM	A13_CKDN240018940-1A_22HVVTLT4_L3_1c.fq.gz Relative Abundance (%)	A13_CKDN240018940-1A_22HVVTLT4_L3_1c.fq.gz Variance	A13_CKDN240018940-1A_22HVVTLT4_L3_1c.fq.gz RPKM	A13_CKDN240018940-1A_22HVVTLT4_L3_1c.fq.gz TPM	A14_CKDN240018941-1A_22HVVTLT4_L3_1c.fq.gz Relative Abundance (%)	A14_CKDN240018941-1A_22HVVTLT4_L3_1c.fq.gz Variance	A14_CKDN240018941-1A_22HVVTLT4_L3_1c.fq.gz RPKM	A14_CKDN240018941-1A_22HVVTLT4_L3_1c.fq.gz TPM	A15_CKDN240018942-1A_22HVVTLT4_L3_1c.fq.gz Relative Abundance (%)	A15_CKDN240018942-1A_22HVVTLT4_L3_1c.fq.gz Variance	A15_CKDN240018942-1A_22HVVTLT4_L3_1c.fq.gz RPKM	A15_CKDN240018942-1A_22HVVTLT4_L3_1c.fq.gz TPM
unmapped	93.39405	NA	NA	NA	91.97136	NA	NA	NA	91.59994	NA	NA	NA	90.03394	NA	NA	NA	92.58646	NA	NA	NA	97.62412	NA	NA	NA	94.20914	NA	NA	NA	93.89845	NA	NA	NA	95.80139	NA	NA	NA	95.63334	NA	NA	NA	92.537865	NA	NA	NA	92.13593	NA	NA	NA	93.8062	NA	NA	NA	96.29112	NA	NA	NA	91.64473	NA	NA	NA
A13_CKDN240018940_scaffolds.fasta_bin.19	0.01172487	83.44253	0.82947034	2489.2156	0.024717439	138.95114	1.4867393	3765.273	0.030827926	869.3917	1.7107912	4894.4565	0.03207727	704.97614	1.5004858	4292.138	0.032087605	728.5445	2.0075474	5675.9443	0.13602987	203.17961	25.903292	56460.035	0.06959493	227.45012	4.801133	12296.269	0.10274762	186.49411	7.4294925	17339.21	0.09719374	237.69955	10.095833	23578.672	0.07996362	162.93767	7.4491506	18331.986	0.33414572	65.771164	12.780324	36670.137	0.36234003	101.257126	13.9729	38819.42	0.32226816	146.03082	17.776375	45576.59	0.13056815	151.253	11.123916	30991.594	0	0	0	0
A07_CKDN240018934_scaffolds.fasta_bin.59	0.24835785	16.21728	12.686414	38071.535	0.36722305	44.535587	17.706646	44843.363	0.23283204	43.559654	9.637188	27571.342	0.2890105	34.69163	10.070523	28806.715	0.18691802	29.402925	8.885427	25121.805	0.005758272	2.273153	1.6381594	3570.6099	0.2694545	23.337166	17.00577	43553.78	0.21492691	19.473743	14.695009	34295.727	0.10381124	11.114631	10.360473	24196.734	0.11492735	9.225458	10.185894	25066.977	0.047259077	2.0370314	3.1101687	8923.899	0.056727346	2.8997416	3.2741795	9096.302	0.032737534	2.4788458	2.8198762	7229.841	0.018619316	2.6743045	2.205089	6143.451	0.012047288	1.0723004	0.66262853	2084.5964
A07_CKDN240018934_scaffolds.fasta_bin.38	0.013615174	4.2287054	0.77418476	2323.304	0.10751041	16.814037	5.23017	13245.781	0.06454244	13.840667	2.708821	7749.755	0.14306906	19.766096	5.0287356	14384.6875	0.058961753	12.020628	2.8211796	7976.33	0.0050968844	4.554347	1.3065543	2847.8274	0.18581025	21.136528	11.541914	29560.203	0.19216082	19.974895	13.013764	30371.973	0.09702435	15.294068	9.643075	22521.264	0.13169487	14.2688675	11.497834	28295.602	0.17316437	18.64324	6.673089	19146.861	0.17428178	25.395544	6.7813935	18840.021	0.09174386	19.588135	5.16817	13250.595	0.07349009	12.366167	6.2381344	17379.646	0	0	0	0
A13_CKDN240018940_scaffolds.fasta_bin.33	0.04307333	36.35128	2.4525406	7359.999	0.072671644	87.31283	3.7638018	9532.098	0.11332149	423.27127	5.0310597	14393.525	0.124378294	345.10577	4.6671133	13350.273	0.09919809	389.2484	5.116925	14467.103	0.031982902	170.66446	7.0361795	15336.389	0.09025602	122.97241	6.2678356	16052.667	0.10055579	108.953026	7.2886496	17010.506	0.06407502	196.93314	6.920524	16162.777	0.08141711	143.87694	7.684604	18911.43	0.044874214	19.319962	2.148768	6165.385	0.055290222	33.36223	2.4865305	6908.062	0.078554206	80.24346	4.7093396	12074.208	0.040749956	133.67021	4.0861306	11384.093	0.029741414	98.60566	1.4263988	4487.379
A02_CKDN240018929_scaffolds.fasta_bin.18	0.49105638	35.155575	23.70899	71149.94	0.47696802	45.82103	23.004408	58260.32	0.121454954	21.185505	5.2845697	15118.799	0.1378745	18.6635	5.091065	14562.983	0.09641255	13.241504	4.7958336	13559.275	0	0	0	0	0	0	0	0	0	0	0	0	0	0	0	0	0	0	0	0	0	0	0	0	0	0	0	0	0	0	0	0	0	0	0	0	0	0	0	0
A02_CKDN240018929_scaffolds.fasta_bin.54	0.07033802	3.8638494	3.3765318	10132.863	0.147603	15.614214	7.078361	17926.455	0.1914339	30.218727	7.880923	22546.79	0.18972266	23.317785	6.660182	19051.436	0.16933833	22.479952	7.934915	22434.414	0.03983431	3.4451282	7.4675436	16276.609	0.18301229	31.06234	11.433103	29281.52	0.21453758	31.737232	14.587852	34045.633	0.12305966	20.002642	12.112525	28288.627	0.12757125	14.606777	11.108121	27336.535	0.19578251	16.616964	7.4964433	21509.283	0.21437459	23.814419	8.279007	23000.684	0.1842152	33.249683	10.163447	26057.914	0.09502429	7.209288	7.8660626	21915.107	0	0	0	0
A04_CKDN240018931_scaffolds.fasta_bin.62	0.2119386	25406.295	11.301859	33916.527	0.08202196	7579.529	4.481968	11350.909	0.29736295	15281.496	12.663618	36229.754	0.324655	305.94174	11.239112	32149.46	0.23206691	32758.746	11.763181	33258.08	0.0703081	21181.709	15.631857	34071.926	0.2177279	3622934	26.846334	68756.625	0.0758999	32721.695	6.6946425	15624.1875	0.08927562	288643.28	13.737998	32084.893	0.15268466	2094349.3	27.902569	68666.85	0.8603769	58544664	80.070816	229744.4	0.7946403	66492652	73.81452	205071	0.4693184	33256268	59.921238	153631.2	0.3582188	14177538	69.00996	192264	0	0	0	0
A02_CKDN240018929_scaffolds.fasta_bin.37	0.049395498	3.2236128	2.3859692	7160.2188	0.11162778	12.0718355	5.347436	13542.766	0.13461612	27.053732	5.553824	15889.117	0.1492839	24.852036	5.2334313	14970.225	0.11585303	18.27609	5.4502697	15409.567	0.023633676	4.14299	4.605661	10038.712	0.09618065	13.879089	6.014767	15404.528	0.10519767	12.722501	7.159121	16708.203	0.062913366	9.521461	6.2634544	14628.209	0.08140794	7.9936275	7.1011376	17475.547	0.04411305	3.381918	1.7224104	4942.0522	0.05472841	5.404627	2.145478	5960.553	0.04614312	7.288009	2.5952225	6653.8516	0.034340713	3.8153	2.9643729	8258.84	0.040499527	3.2739024	1.554406	4890.085
A12_CKDN240018939_scaffolds.fasta_bin.29	0.037821613	1.572252	1.7826049	5349.542	0.1242874	6.9819794	5.829101	14762.616	0.10294984	7.1416965	4.148592	11868.839	0.13775803	7.9158945	4.7202373	13502.233	0.10662795	6.768568	4.895985	13842.435	0.07203296	5.0959473	13.189861	28749.244	0.1027835	5.621749	6.289687	16108.634	0.13815387	7.684896	9.222856	21524.623	0.1019784	7.272412	9.835077	22969.678	0.10917634	5.973879	9.293796	22871.568	0.11599977	4.3480234	4.3625474	12517.304	0.16557841	7.6372685	6.272126	17425.18	0.1116444	7.0573344	6.0579123	15531.796	0.07047233	3.6115718	5.764459	16059.971	0.731429	97.216675	27.25301	85736.64
A07_CKDN240018934_scaffolds.fasta_bin.51	0.037638877	1.7372478	1.7929921	5380.712	0.12645678	7.029962	5.9478188	15063.275	0.104001135	9.588044	4.2283444	12097.006	0.13786213	10.735702	4.7569933	13607.373	0.10679389	9.642299	4.9452286	13981.664	0.072513185	5.333582	13.345546	29088.576	0.12870483	7.8752275	7.8933415	20215.78	0.14164668	8.712924	9.485753	22138.182	0.10192782	8.069485	9.872929	23058.082	0.10897586	6.6920605	9.339177	22983.252	0.11631143	4.6435246	4.3898344	12595.6	0.13544469	6.3779225	5.153251	14316.731	0.111466676	7.6865835	6.0615883	15541.22	0.07074711	3.86633	5.8293753	16240.83	0.7309295	99.34639	27.255001	85742.89
A12_CKDN240018939_scaffolds.fasta_bin.53	0.011987775	1.2288853	0.69410795	2082.9954	0.10554172	8.047842	5.1176596	12960.846	0.06310369	6.823077	2.6305103	7525.7104	0.1406812	11.590502	4.919928	14073.447	0.057223685	5.987667	2.7230752	7698.959	0.004092073	1.1485118	1.1271956	2456.8884	0.17117384	12.961155	10.616367	27189.766	0.18538687	13.089855	12.521803	29223.82	0.095406376	8.576206	9.46777	22111.836	0.12692699	8.372204	11.058799	27215.156	0.17420945	8.3218775	6.668322	19133.186	0.1859799	10.5481615	7.1758795	19935.98	0.091692306	8.056898	5.1382484	13173.879	0.07326354	4.6210737	6.19186	17250.723	0	0	0	0
A02_CKDN240018929_scaffolds.fasta_bin.19	0.01651311	0.9807302	1.0994318	3299.361	0.07727908	5.285622	3.7694137	9546.317	0.06289233	5.468828	2.6140459	7478.6084	0.07108211	4.6820025	2.484994	7108.323	0.058557726	4.1268845	2.7761695	7849.0747	0.057157222	5.436183	10.799753	23539.646	0.051526062	3.345094	3.330178	8528.9795	0.07706414	5.3816013	5.263535	12284.22	0.050641738	4.5377398	5.114735	11945.387	0.047556207	3.0856285	4.303641	10591.043	0.074891254	3.5528398	3.2153418	9225.667	0.0645854	3.536849	2.7891643	7748.8384	0.06824638	5.3057747	4.027661	10326.46	0.032813635	2.3239954	3.0381525	8464.395	0	0	0	0
A04_CKDN240018931_scaffolds.fasta_bin.78	0.069983624	9.92123	3.3506389	10055.159	0.1362407	48.80622	6.5188174	16509.38	0.19306695	106.67646	7.9373727	22708.281	0.20178589	83.826355	7.0692177	20221.486	0.17128968	89.4147	8.023255	22684.18	0.041854262	61.20622	7.9098296	17240.643	0.18512484	99.34283	11.547476	29574.443	0.218831	126.829	14.869793	34703.65	0.12526275	105.88177	12.330269	28797.162	0.13041826	86.10301	11.352096	27936.945	0.19860916	41.85105	7.590512	21779.191	0.21581818	74.953995	8.325911	23130.99	0.1859935	103.15218	10.251554	26283.813	0.09618567	46.346558	7.9781113	22227.281	0	0	0	0
A15_CKDN240018942_scaffolds.fasta_bin.52	0.19495815	541.36145	10.216225	30658.57	0.11901594	426.08093	6.483093	16418.902	0.053310014	2592.915	3.2070136	9175.049	0.0585023	1794.1318	2.915706	8340.373	0.051011957	2384.6233	3.4960954	9884.523	0.013829476	87.88848	3.9072537	8516.434	0.038641393	1761.454	3.6435292	9331.511	0.032562636	968.4327	3.3794715	7887.129	0.024472091	647.8885	3.8053343	8887.303	0.02771747	433.6112	3.7802985	9303.126	0	0	0	0	0.01862208	93.63403	1.1630418	3231.1545	0.016783847	172.95088	1.5032413	3854.1392	0.016977994	54.24033	2.2973175	6400.4023	0.36902294	66.84033	14.411239	45337.047
A14_CKDN240018941_scaffolds.fasta_bin.19	0	0	0	0	0.02517527	274.8071	1.6012342	4055.2424	0.029116495	798.715	1.8715976	5354.513	0.029998275	614.58453	1.6491069	4717.268	0.030465193	735.8861	2.2108672	6250.7925	0.1264632	373.97754	24.14479	52627.113	0.064600505	335.00055	4.561422	11682.34	0.09706061	295.69604	7.09721	16563.717	0.09258735	485.2384	9.743969	22756.896	0.07645339	312.73154	7.283728	17924.893	0.30690652	89.67058	11.6939125	33552.938	0.33851758	157.59372	13.021563	36176.418	0.28751388	250.42543	15.847465	40631.09	0.14521414	333.2979	12.3917465	34523.813	0	0	0	0
A13_CKDN240018940_scaffolds.fasta_bin.52	0.15232584	26.085161	7.6019573	22813.236	0.4242829	146.99919	21.066063	53351.324	0.06470837	34.886856	2.879738	8238.736	0.08640618	36.969917	3.2685895	9349.794	0.056010723	26.809553	2.84228	8035.988	0.037457556	18.286434	7.3788123	16083.207	0.23253667	56.972946	14.755167	37789.72	0.26028013	64.70705	17.995434	41998.367	0.18693712	62.063065	18.736275	43758.31	0.1611611	38.32438	14.353566	35323.414	0.62729317	76.279465	24.074593	69076.39	0.7294163	119.81913	28.204266	78356.91	0.6166261	140.5455	34.08071	87379.05	0.26792476	39.604908	22.258024	62011.598	0	0	0	0
A15_CKDN240018942_scaffolds.fasta_bin.60	0	0	0	0	0	0	0	0	0	0	0	0	0	0	0	0	0	0	0	0	0	0	0	0	0	0	0	0	0	0	0	0	0	0	0	0	0	0	0	0	0	0	0	0	0	0	0	0	0	0	0	0	0	0	0	0	1.4915525	288.2308	56.06429	176375.5
A10_CKDN240018937_scaffolds.fasta_bin.16	0.013308861	0.8485386	0.65914726	1978.0796	0.043422073	2.5606685	2.0548625	5204.086	0.05619053	5.92942	2.29096	6554.283	0.06432082	6.462761	2.2378454	6401.3545	0.053229384	5.0278606	2.4791062	7009.183	0.056094773	4.4326386	10.435515	22745.746	0.04994978	3.1411817	3.0635035	7845.995	0.07367381	4.333481	4.889508	11411.306	0.04949358	3.7649524	4.8474627	11321.179	0.06953492	3.6467028	5.970612	14693.378	0.071138225	2.7258458	2.6587186	7628.5693	0.061153777	2.5398319	2.3101144	6417.9443	0.06431475	3.9166317	3.4780803	8917.399	0.031058446	1.8183769	2.6758482	7455.0024	0	0	0	0
A06_CKDN240018933_scaffolds.fasta_bin.49	0.014436303	0.5665419	0.69320375	2080.2837	0.047971908	2.5739434	2.2735813	5758.0083	0.06260539	4.191065	2.5391116	7264.2246	0.07000242	3.8966105	2.4153383	6909.0728	0.058551356	3.4182475	2.707688	7655.4546	0.08140421	6.851965	15.078923	32866.72	0.055078454	3.2455223	3.3885276	8678.42	0.08167989	5.083033	5.4587736	12739.874	0.05503615	4.102457	5.403337	12619.418	0.050728135	2.8070798	4.414906	10864.865	0.07918024	3.1459632	2.984406	8563.051	0.06863519	3.0398915	2.621094	7281.905	0.07181657	4.6221943	3.920444	10051.568	0.03415339	1.9148194	2.9422069	8197.086	0	0	0	0
A07_CKDN240018934_scaffolds.fasta_bin.54	0.046522453	2.554439	2.259041	6779.3145	0.081821024	6.6037607	3.9221997	9933.257	0.12588781	15.132094	5.1653004	14777.575	0.14304775	14.098566	4.9929876	14282.434	0.109678805	11.108262	5.137324	14524.7705	0.025897576	3.0521085	4.9203386	10724.603	0.118506566	8.450592	7.351382	18827.758	0.10338179	7.2193027	6.977133	16283.471	0.062371843	5.656611	6.12674	14308.909	0.080946855	5.519811	7.014305	17261.855	0.043888193	1.9770894	1.801658	5169.4355	0.054606084	2.9361005	2.221282	6171.15	0.045722652	3.5084233	2.633102	6750.972	0.03449004	2.2589433	2.992433	8337.018	0.035822056	5.5067673	1.3872808	4364.3164
A12_CKDN240018939_scaffolds.fasta_bin.8	0	0	0	0	0.016079457	2.0816243	0.7980202	2021.0428	0.01625686	7.416551	0.76945186	2201.349	0.015992427	4.1328373	0.6321507	1808.2662	0.017345142	5.9641995	0.9108077	2575.1294	0.123178065	9.481198	22.566774	49187.61	0.05702834	5.2565727	3.553034	9099.742	0.08851511	6.373682	5.9882526	13975.592	0.08495114	7.981347	8.292453	19366.904	0.06825286	4.4193277	5.893278	14503.061	0.31131357	13.37373	11.736836	33676.098	0.35771832	17.471252	13.589757	37754.965	0.29273584	20.197533	15.893479	40749.066	0.115987144	6.0239763	9.460801	26358.1	0	0	0	0
A08_CKDN240018935_scaffolds.fasta_bin.64	0.038556952	1.6502726	1.8307079	5493.895	0.12830673	6.813302	6.050606	15323.596	0.10346128	9.598887	4.2130146	12053.154	0.14002763	10.607547	4.839367	13843.003	0.10937214	9.267736	5.07222	14340.706	0.073358744	5.1727114	13.497414	29419.592	0.10511542	6.042931	6.4779434	16590.775	0.16833122	10.2050295	11.263957	26288.21	0.10358381	7.8116426	10.042963	23455.193	0.110547885	6.0633917	9.480373	23330.729	0.11730678	4.4604936	4.430779	12713.075	0.13771397	6.191827	5.2546062	14598.309	0.11258568	6.853966	6.135078	15729.642	0.07147615	3.5590281	5.8835983	16391.898	0.74561167	90.45234	27.85894	87642.86
A09_CKDN240018936_scaffolds.fasta_bin.36	0.0459662	19.72621	2.505529	7519.0176	0.08064074	65.21508	4.0512295	10260.032	0.120109595	90.09786	5.121185	14651.364	0.13289505	59.43381	4.8173413	13779.996	0.10460976	57.026268	5.153116	14569.422	0.02968977	151.09761	6.279785	13687.717	0.09650861	68.70338	6.443814	16503.367	0.1068331	64.74303	7.4505053	17388.252	0.08881889	143.10178	9.026684	21081.69	0.08464768	107.4304	7.7776833	19140.494	0.04630813	40.9662	2.178525	6250.7656	0.057332296	57.76617	2.5411012	7059.6714	0.048072107	71.992	3.0001688	7692.09	0.040602952	124.20192	3.8698742	10781.6	0.034193613	24.344719	1.4709523	4627.5435
A05_CKDN240018932_scaffolds.fasta_bin.32	0.015502324	1.8669047	0.77965224	2339.7112	0.050533604	4.530573	2.4288096	6151.1343	0.06356611	19.82123	2.6523137	7588.089	0.07213505	19.929968	2.563901	7334.0356	0.08138561	17.571276	3.819544	10799.011	0.058572717	6.7350874	11.023908	24028.225	0.052648205	5.194745	3.2881134	8421.25	0.078508645	6.010216	5.2857804	12336.139	0.052531853	7.202303	5.2295723	12213.588	0.048584495	4.0250416	4.2801566	10533.25	0.07648081	3.170786	2.8910525	8295.198	0.0656792	3.0525353	2.5107045	6975.2217	0.06907218	5.1546025	3.776534	9682.599	0.033734016	3.1989982	2.9375935	8184.233	0	0	0	0
A15_CKDN240018942_scaffolds.fasta_bin.87	0	0	0	0	0	0	0	0	0	0	0	0	0	0	0	0	0	0	0	0	0	0	0	0	0	0	0	0	0	0	0	0	0	0	0	0	0	0	0	0	0	0	0	0	0	0	0	0	0	0	0	0	0	0	0	0	0.54919225	7387.964	20.777641	65365.45
A09_CKDN240018936_scaffolds.fasta_bin.41	0	0	0	0	0.010404057	556.18207	0.6450045	1633.5203	0.010775673	64.77921	0.55254656	1580.7983	0	0	0	0	0.014670286	88.49279	0.8091479	2287.7065	0.29867074	86.06776	55.419144	120794.14	0.05238028	1951.568	3.5044525	8975.318	0.039819356	269.21494	2.8925405	6750.7114	0.22412598	205.91602	21.857515	51047.902	0.15415904	461.55353	13.558058	33365.707	0.03442348	11163.376	1.6166328	4638.5474	0.03885833	13870.848	1.7896597	4972.021	0.08892803	7119.6353	5.154112	13214.554	0.2529745	1838.7448	21.098228	58780.363	0	0	0	0
A15_CKDN240018942_scaffolds.fasta_bin.37	0	0	0	0	0	0	0	0	0.057282984	872.4312	2.9519832	8445.426	0.055985812	702.99426	2.5018544	7156.553	0.05437392	767.2782	3.2172866	9096.246	0.04441015	341.368	9.567675	20854.154	0.06926458	321.40186	4.85423	12432.259	0.07468349	276.2081	5.644156	13172.528	0.05456407	412.34045	6.1321535	14321.559	0.0496313	300.32446	5.034246	12389.028	0.063709944	55.75692	2.6334114	7555.954	0.07441628	100.77479	3.0984993	8608.231	0.065378495	175.06374	3.939162	10099.56	0.044557106	265.23288	4.376624	12193.419	0.5551259	319.0951	21.049496	66220.7
A03_CKDN240018930_scaffolds.fasta_bin.36	0.54682505	64.01217	26.693419	80106.12	0.2311181	71.73032	11.340867	28721.56	0.6002795	386.05594	25.280245	72325.06	0.6148409	356.99716	21.99533	62917.605	0.52724504	369.19742	25.567091	72285.94	0.13514149	51.456608	25.955618	56574.082	0.2702973	97.57213	17.52369	44880.23	0.26196185	78.71831	18.039549	42101.33	0.16156372	93.50824	16.421833	38352.95	0.13192776	55.413162	12.334633	30354.924	0.20641309	24.470322	9.806603	28137.744	0.2150623	35.218834	9.990324	27755.05	0.1686215	47.36737	10.7478285	27556.201	0.094453216	40.14186	9.452923	26336.158	0	0	0	0
A15_CKDN240018942_scaffolds.fasta_bin.70	0	0	0	0	0	0	0	0	0	0	0	0	0	0	0	0	0	0	0	0	0	0	0	0	0	0	0	0	0	0	0	0	0	0	0	0	0	0	0	0	0	0	0	0	0	0	0	0	0	0	0	0	0	0	0	0	0.47457197	48.07828	18.150908	57101.855
A02_CKDN240018929_scaffolds.fasta_bin.42	0.04536825	34.13531	2.3732255	7121.9727	0.16424246	73.58284	7.946349	20124.701	0.12196977	550.2534	5.221827	14939.297	0.15913007	513.2177	5.7438674	16430.328	0.12514743	518.98883	6.0961227	17235.594	0.08085756	100.21945	15.64788	34106.86	0.113192156	106.4089	7.2585053	18589.889	0.15155433	100.50923	10.48618	24473.018	0.11299314	117.861336	11.380433	26578.836	0.118695185	89.564644	10.565301	26000.684	0.1236698	13.724298	4.8358936	13875.457	0.14322156	21.89103	5.6486306	15692.992	0.1190101	49.634834	6.728543	17251.217	0.08031714	69.1238	6.9930506	19482.871	0.78027236	185.32188	29.352894	92342.766
A05_CKDN240018932_scaffolds.fasta_bin.56	0.23062913	21.529345	11.431708	34306.203	0.29151347	30.901354	14.275424	36153.54	0.62797445	61.66103	25.853394	73964.8	0.67975014	54.111225	23.80897	68105.516	0.5021483	45.391552	23.579025	66665.08	0.004641302	1.6242275	1.2870152	2805.239	0.084649526	12.2710905	5.6864753	14563.732	0.08742872	11.607857	6.4173384	14977.007	0.039353035	6.781305	4.305617	10055.706	0.040028173	4.2543325	3.824658	9412.29	0.24876645	13.9264555	9.672324	27752.463	0.2574368	17.904648	10.097666	28053.27	0.15986371	15.558296	9.012717	23107.576	0.06671026	4.9276633	5.7419996	15997.396	0	0	0	0
A05_CKDN240018932_scaffolds.fasta_bin.13	0	0	0	0	0	0	0	0	0.1530478	332.98544	6.38362	18263.104	0.16828924	240.47908	5.956374	17038.197	0.14621533	332.9849	6.9795938	19733.428	0.0077380934	4.019578	1.5344973	3344.6628	0.033118967	40.498264	2.1305	5456.462	0.03217184	15.624729	2.226337	5195.9033	0.021894256	11.537796	2.197658	5132.5977	0.017388491	13.466695	1.5742532	3874.1587	0.02676355	84.57083	1.1198906	3213.2625	0.025929784	86.05414	1.0791209	2998.0063	0.018551122	63.686237	1.1067426	2837.5608	0.009247797	20.015749	0.8600651	2396.1702	0	0	0	0
A08_CKDN240018935_scaffolds.fasta_bin.32	0.07119147	5.9487047	3.449517	10351.89	0.13808155	12.540894	6.6116605	16744.5	0.21217081	45.45732	8.76317	25070.832	0.21132869	37.61242	7.436629	21272.463	0.18542612	29.59675	8.720009	24654.11	0.042411078	3.537581	7.9536047	17336.055	0.20665032	37.735813	12.948085	33161.574	0.25356668	39.495052	17.238989	40232.95	0.13704401	21.843035	13.51344	31560.447	0.14403383	18.238121	12.56881	30931.217	0.2157278	34.030098	8.354448	23971.125	0.23700637	43.06288	9.237004	25662.182	0.20131615	36.466484	11.175687	28653.176	0.104763374	10.035766	8.732281	24328.422	0	0	0	0
A09_CKDN240018936_scaffolds.fasta_bin.44	0.014689544	0.95750827	0.71833694	2155.706	0.04725448	2.7318354	2.250549	5699.6753	0.06086749	4.3253274	2.473724	7077.1577	0.06937644	3.9748874	2.3953245	6851.8228	0.05773506	3.9063098	2.6801264	7577.5313	0.060778778	5.026021	11.374521	24792.44	0.05385697	4.1780767	3.3329816	8536.161	0.0806447	5.148513	5.4087358	12623.095	0.071535714	5.76163	7.006778	16364.228	0.049222067	2.9695537	4.2918744	10562.089	0.07913371	7.036412	3.0201085	8665.494	0.06670092	7.6507354	2.5729752	7148.221	0.07025236	7.352394	3.8601553	9896.998	0.03385978	2.5508683	2.9407544	8193.037	0	0	0	0
A01_CKDN240018928_scaffolds.fasta_bin.8	0.50786567	32.07106	24.015621	72070.13	0.59177315	48.52366	28.050777	71040.63	0.50944	46.174072	20.79255	59486.082	0.67488706	53.30312	23.400158	66936.11	0.4321621	33.130848	20.080292	56773.09	0.0107433265	0.7543378	2.3108714	5036.885	0.11851029	8.0845785	7.528064	19280.26	0.118775725	8.189951	8.251503	19257.645	0.06137168	5.229563	6.286783	14682.689	0.086366914	5.179927	7.7246604	19010.008	0.062011935	2.7798197	2.480762	7117.963	0.06670243	3.8477619	2.7141902	7540.546	0.04129405	3.6043863	2.447531	6275.1885	0.029105553	1.7468925	2.669489	7437.285	0.07581553	6.410673	3.0765126	9678.56
A15_CKDN240018942_scaffolds.fasta_bin.47	0	0	0	0	0	0	0	0	0	0	0	0	0	0	0	0	0	0	0	0	0	0	0	0	0	0	0	0	0	0	0	0	0	0	0	0	0	0	0	0	0	0	0	0	0	0	0	0	0	0	0	0	0	0	0	0	0.4324694	1288.4132	17.18494	54062.977
A04_CKDN240018931_scaffolds.fasta_bin.44	0.68325907	55.11904	32.44714	97372.87	0.1394855	10.310778	6.640493	16817.525	0.42029327	42.571465	17.043598	48760.582	0.5528862	47.197266	19.062622	54528.598	0.38055617	33.59392	17.567772	49669.434	0	0	0	0	0.060205486	4.8849945	3.7214005	9530.947	0.061476775	4.53356	4.140431	9663.084	0.028511934	3.119614	2.8229585	6592.979	0.023913102	2.0716047	2.1032732	5176.0513	0.027988486	1.4835738	1.0701181	3070.453	0.025300618	1.6954898	0.98277986	2730.3523	0.017951049	1.9125813	1.0095237	2588.303	0.00870373	1.1418692	0.79805344	2223.4028	0.016052444	2.623361	0.67107624	2111.172
A04_CKDN240018931_scaffolds.fasta_bin.40	0.056159474	866.7746	2.7415931	8227.438	0.087994516	47.713005	4.2429338	10745.534	0.13575491	37.42767	5.566447	15925.23	0.17159203	13.9818735	5.959118	17046.047	0.11764429	98.20246	5.502065	15556.012	0.024079273	12.395829	4.701002	10246.523	0.102685735	1263.6311	6.518381	16694.344	0.10830807	23.785772	7.3409586	17132.588	0.06413799	66.95511	6.392291	14929.1	0.086145274	207.73409	7.612551	18734.113	0.071570426	11075.516	3.1403031	9010.36	0.0823539	12473.469	3.5591264	9887.941	0.06200979	8346.767	3.7776747	9685.526	0.042504724	1498.5653	3.9300632	10949.286	0.044267215	178.71323	1.7687795	5564.492
A05_CKDN240018932_scaffolds.fasta_bin.39	0.45969647	26.968714	21.747335	65263.08	0.56929463	46.973297	26.989614	68353.16	0.5088489	51.9932	20.751331	59368.16	0.67318845	60.86387	23.327366	66727.9	0.44738343	39.906765	20.769405	58721.41	0.011041784	0.97845995	2.3648334	5154.502	0.11986748	9.618718	7.6109056	19492.426	0.119277604	9.381023	8.271822	19305.066	0.062229186	5.9248037	6.3599095	14853.478	0.08799773	6.012288	7.8521233	19323.684	0.061254367	3.3674798	2.441725	7005.9556	0.067048274	4.3973665	2.710869	7531.318	0.041356437	4.539298	2.4363136	6246.4277	0.028899005	2.114082	2.6389403	7352.1733	0.075566255	6.626845	3.0659976	9645.475
A05_CKDN240018932_scaffolds.fasta_bin.64	0.015162735	2.9798183	0.83583343	2508.3105	0.023305956	4.9538984	1.2646455	3202.807	0.30131045	172.96684	12.631852	36138.875	0.31731188	132.73001	11.324239	32392.963	0.27131134	137.97348	12.879316	36413.742	0.03227842	11.310267	6.8991666	15037.748	0.09597203	18.197868	6.250581	16008.478	0.11245894	19.552097	7.9603157	18578.059	0.061283093	15.864626	6.4882054	15153.104	0.05936528	11.088905	5.5620947	13688.036	0.08572402	9.364747	3.4891279	10011.235	0.08865583	14.192138	3.647769	10134.206	0.0814529	18.289394	4.8156385	12346.749	0.041693605	11.079159	4.0347557	11240.964	0	0	0	0
A10_CKDN240018937_scaffolds.fasta_bin.30	0.8391058	7022881	51.86302	155639.31	0.922021	4968158	51.558495	130575.61	0.4151442	5029271.5	16.801434	48067.758	0.4183808	3608610.5	13.061243	37361.668	0.39230302	3880820	19.067669	53910.082	0.25258964	1988769	48.501465	105716.07	0.6929592	5436300	52.87317	135414.44	0.58132017	2361235.3	47.39737	110617.625	0.51492345	4773245	53.62635	125243.55	0.5179948	2647870	49.354053	121457.86	1.2550936	9411041	56.866535	163165.17	1.1925937	8915231	52.626175	146205.67	0.9697655	9638090	60.93383	156227.39	0.6023162	4235837	51.510082	143508.78	0	0	0	0
A09_CKDN240018936_scaffolds.fasta_bin.23	0.3806731	33.150993	17.725908	53194.91	0.48079702	67.442375	22.457323	56874.793	0.44765154	75.06564	18.032446	51589.605	0.5865482	85.22469	20.066946	57401.473	0.37869126	49.50214	17.361015	49084.867	0.011190085	1.5392665	2.3838131	5195.871	0.11427947	16.129911	7.222128	18496.72	0.114372805	15.917175	7.882165	18395.674	0.08024181	11.3842325	8.059581	18823.035	0.08432067	8.822808	7.4984674	18453.354	0.058760893	6.9549465	2.3676214	6793.3325	0.06477146	10.387797	2.6440864	7345.7817	0.04083123	9.758455	2.432293	6236.1216	0.027307084	4.409379	2.539172	7074.2153	0.07502007	10.497549	3.0327384	9540.847
A05_CKDN240018932_scaffolds.fasta_bin.53	0.07035877	3.1882079	3.3521583	10059.725	0.13554364	9.420631	6.4624195	16366.545	0.19639017	20.984713	8.026131	22962.215	0.19405012	16.279613	6.7647705	19350.613	0.1859211	16.801407	8.6416025	24432.428	0.041755173	3.516814	7.782864	16963.898	0.19186513	20.322695	11.88064	30427.717	0.22387128	22.86862	15.116521	35279.465	0.12802793	14.774969	12.50899	29214.563	0.1322736	10.762237	11.431102	28131.371	0.20469077	12.154173	7.7772603	22315.021	0.22308585	17.570984	8.5583105	23776.643	0.19005626	20.337454	10.401623	26668.572	0.09849283	6.359063	8.105293	22581.617	0	0	0	0
A12_CKDN240018939_scaffolds.fasta_bin.17	0.016183266	38.98	1.3264537	3980.6467	0.049144916	68.987366	2.540034	6432.8223	0.06471812	544.3582	2.82491	8081.875	0.074405946	490.19232	2.7263162	7798.624	0.062429555	538.19257	3.1678085	8956.354	0.06064675	33.764263	11.751544	25614.223	0.05499391	104.057434	3.7995772	9731.167	0.080284856	76.96312	5.625177	13128.233	0.053944368	72.87263	5.5985518	13075.336	0.049517334	38.214985	4.673019	11500.065	0.07557974	10.910132	3.7415988	10735.639	0.09401873	15.969084	4.304407	11958.472	0.06935439	28.606201	4.4212584	11335.602	0.035078086	21.183422	3.5831692	9982.829	0	0	0	0
A15_CKDN240018942_scaffolds.fasta_bin.74	0	0	0	0	0	0	0	0	0	0	0	0	0	0	0	0	0	0	0	0	0	0	0	0	0.010366687	2.5909991	0.7702157	1972.6136	0	0	0	0	0	0	0	0	0	0	0	0	0	0	0	0	0	0	0	0	0	0	0	0	0	0	0	0	0.9670362	167.37439	36.75529	115630.33
A01_CKDN240018928_scaffolds.fasta_bin.19	0.29348335	16.658081	13.99404	41995.676	0.36362115	34.32705	17.252539	43693.293	0.21523848	21.699816	8.790877	25150.104	0.26761878	21.207739	9.259994	26488.195	0.17301233	15.051443	8.063041	22796.658	0.0063509964	2.6371315	1.5284562	3331.496	0.20368026	16.759584	12.594597	32256.246	0.18733396	14.32273	12.597915	29401.443	0.09130159	9.4134655	8.975664	20962.533	0.10011836	7.8353467	8.685667	21374.998	0.045552757	6.4061723	1.9283557	5532.9644	0.05437181	7.9890046	2.276898	6325.663	0.03258861	6.517372	1.986437	5092.998	0.018217035	3.3351793	1.7524586	4882.407	0.013580708	1.2506913	0.58031887	1825.6537
A03_CKDN240018930_scaffolds.fasta_bin.68	0.45782357	40.463486	21.669184	65028.54	0.56871384	52.65639	26.936373	68218.305	0.51917744	56.775013	21.159061	60534.645	0.6682168	59.489964	23.138773	66188.414	0.4293295	37.743645	19.917824	56313.74	0.011149593	1.2826037	2.3600767	5144.1333	0.120310046	11.272638	7.621377	19519.246	0.12080042	8.934395	8.335706	19454.158	0.062415972	5.5722	6.355016	14842.05	0.088598885	5.8971496	7.8898296	19416.48	0.061447833	7.784926	2.470132	7087.4644	0.06657993	9.068816	2.7104063	7530.032	0.041471556	7.057149	2.4531617	6289.6245	0.028551409	2.3336966	2.601455	7247.7383	0.07545478	7.037059	3.0581405	9620.763
A04_CKDN240018931_scaffolds.fasta_bin.4	0	0	0	0	0	0	0	0	0.16076067	13.512505	6.4883814	18562.82	0.18887304	13.054753	6.485758	18552.5	0.14040878	10.493857	6.458892	18261.248	0.0078436835	0.52035624	1.4703195	3204.7776	0.033775672	1.7346205	2.0690446	5299.0674	0.033629607	1.6421883	2.243899	5236.8896	0.02240857	1.3494576	2.1730895	5075.2183	0.017802818	0.85932916	1.5266936	3757.1162	0.025763968	0.8822293	0.9726888	2790.9016	0.025418546	0.9898337	0.96862584	2691.0295	0.018108608	0.9622627	0.9890317	2535.7646	0.008966825	0.4629694	0.75659275	2107.8918	0	0	0	0
A09_CKDN240018936_scaffolds.fasta_bin.42	0.013646165	2.760511	0.78949106	2369.2378	0.10366646	9.955798	5.0305467	12740.22	0.061186578	9.105136	2.5673432	7344.9937	0.13613024	13.376129	4.7700863	13644.825	0.05641759	8.007725	2.7003262	7634.643	0.004699224	1.3975062	1.2689811	2765.931	0.16659993	13.1967325	10.332867	26463.691	0.18002224	13.488396	12.146529	28347.994	0.10453128	9.296669	10.341475	24152.361	0.12530966	8.452328	10.906588	26840.574	0.16698658	10.3393755	6.4047327	18376.875	0.16573842	13.846306	6.4211154	17839.104	0.08893024	10.963949	5.012656	12851.88	0.069783516	5.275297	5.921149	16496.516	0	0	0	0
A07_CKDN240018934_scaffolds.fasta_bin.17	0.068811715	2.6770926	3.2705276	9814.749	0.13326564	9.245845	6.347367	16075.164	0.19216408	18.916628	7.8402123	22430.316	0.1906956	15.336707	6.629343	18963.227	0.17002107	13.917113	7.900413	22336.873	0.04061741	2.7203405	7.5315666	16416.162	0.19941334	20.19876	12.308266	31522.922	0.21985157	19.283014	14.79693	34533.59	0.12684625	12.481026	12.362873	28873.309	0.13055122	9.178789	11.249425	27684.275	0.20155166	9.774478	7.6319814	21898.18	0.21961091	14.413173	8.399667	23335.898	0.1874422	17.073643	10.232156	26234.072	0.09625987	5.197789	7.8916903	21986.508	0	0	0	0
