A01_CKDN240018928_scaffolds.fasta_bin.19	d__Bacteria;p__Proteobacteria;c__Gammaproteobacteria;o__Pseudomonadales;f__Halieaceae;g__Aequoribacter;s__Aequoribacter
A01_CKDN240018928_scaffolds.fasta_bin.39	d__Bacteria;p__Proteobacteria;c__Alphaproteobacteria;o__Rhodobacterales;f__Rhodobacteraceae;g__HIMB11;s__
A01_CKDN240018928_scaffolds.fasta_bin.49	d__Bacteria;p__Bacteroidota;c__Bacteroidia;o__Flavobacteriales;f__Flavobacteriaceae;g__CAJQLB01;s__
A01_CKDN240018928_scaffolds.fasta_bin.8	d__Bacteria;p__Proteobacteria;c__Alphaproteobacteria;o__Rhodobacterales;f__Rhodobacteraceae;g__Lutimaribacter;s__Lutimaribacter
A02_CKDN240018929_scaffolds.fasta_bin.18	d__Bacteria;p__Bacteroidota;c__Bacteroidia;o__Flavobacteriales;f__UA16;g__;s__
A02_CKDN240018929_scaffolds.fasta_bin.19	d__Bacteria;p__Actinobacteriota;c__Acidimicrobiia;o__Acidimicrobiales;f__Ilumatobacteraceae;g__Casp-actino5;s__Casp-actino5
A02_CKDN240018929_scaffolds.fasta_bin.21	d__Bacteria;p__Proteobacteria;c__Gammaproteobacteria;o__Pseudomonadales;f__Halieaceae;g__Aequoribacter;s__Aequoribacter
A02_CKDN240018929_scaffolds.fasta_bin.34	d__Bacteria;p__Bacteroidota;c__Bacteroidia;o__Flavobacteriales;f__Schleiferiaceae;g__UBA10364;s__UBA10364
A02_CKDN240018929_scaffolds.fasta_bin.37	d__Bacteria;p__Proteobacteria;c__Gammaproteobacteria;o__Pseudomonadales;f__Litoricolaceae;g__HIMB30;s__HIMB30
A02_CKDN240018929_scaffolds.fasta_bin.42	d__Bacteria;p__Proteobacteria;c__Gammaproteobacteria;o__Burkholderiales;f__Methylophilaceae;g__BACL14;s__BACL14
A02_CKDN240018929_scaffolds.fasta_bin.44	d__Bacteria;p__Bacteroidota;c__Bacteroidia;o__Flavobacteriales;f__Schleiferiaceae;g__UBA10364;s__UBA10364
A02_CKDN240018929_scaffolds.fasta_bin.54	d__Bacteria;p__Proteobacteria;c__Alphaproteobacteria;o__Rhodobacterales;f__Rhodobacteraceae;g__Planktomarina;s__Planktomarina
A02_CKDN240018929_scaffolds.fasta_bin.55	d__Bacteria;p__Bacteroidota;c__Bacteroidia;o__Flavobacteriales;f__Flavobacteriaceae;g__Polaribacter;s__
A02_CKDN240018929_scaffolds.fasta_bin.61	d__Bacteria;p__Proteobacteria;c__Alphaproteobacteria;o__Rhodobacterales;f__Rhodobacteraceae;g__Lutimaribacter;s__Lutimaribacter
A03_CKDN240018930_scaffolds.fasta_bin.19	d__Bacteria;p__Actinobacteriota;c__Acidimicrobiia;o__Acidimicrobiales;f__Ilumatobacteraceae;g__Casp-actino5;s__Casp-actino5
A03_CKDN240018930_scaffolds.fasta_bin.31	d__Bacteria;p__Verrucomicrobiota;c__Verrucomicrobiae;o__Verrucomicrobiales;f__Akkermansiaceae;g__SW10;s__
A03_CKDN240018930_scaffolds.fasta_bin.32	d__Bacteria;p__Proteobacteria;c__Gammaproteobacteria;o__Burkholderiales;f__Methylophilaceae;g__BACL14;s__BACL14
A03_CKDN240018930_scaffolds.fasta_bin.33	d__Bacteria;p__Cyanobacteria;c__Cyanobacteriia;o__PCC-6307;f__Cyanobiaceae;g__Vulcanococcus;s__Vulcanococcus
A03_CKDN240018930_scaffolds.fasta_bin.36	d__Bacteria;p__Planctomycetota;c__UBA1135;o__UBA1135;f__GCA-002686595;g__GCA-2686945;s__
A03_CKDN240018930_scaffolds.fasta_bin.39	d__Bacteria;p__Bdellovibrionota;c__Bacteriovoracia;o__Bacteriovoracales;f__Bacteriovoracaceae;g__;s__
A03_CKDN240018930_scaffolds.fasta_bin.40	d__Bacteria;p__Proteobacteria;c__Gammaproteobacteria;o__Pseudomonadales;f__Halieaceae;g__Aequoribacter;s__Aequoribacter
A03_CKDN240018930_scaffolds.fasta_bin.42	d__Bacteria;p__Verrucomicrobiota;c__Verrucomicrobiae;o__Verrucomicrobiales;f__Akkermansiaceae;g__SW10;s__
A03_CKDN240018930_scaffolds.fasta_bin.59	d__Bacteria;p__Proteobacteria;c__Alphaproteobacteria;o__Rhodobacterales;f__Rhodobacteraceae;g__Planktomarina;s__Planktomarina
A03_CKDN240018930_scaffolds.fasta_bin.63	d__Bacteria;p__Bacteroidota;c__Bacteroidia;o__Flavobacteriales;f__UA16;g__;s__
A03_CKDN240018930_scaffolds.fasta_bin.68	d__Bacteria;p__Proteobacteria;c__Alphaproteobacteria;o__Rhodobacterales;f__Rhodobacteraceae;g__Lutimaribacter;s__Lutimaribacter
A03_CKDN240018930_scaffolds.fasta_bin.80	d__Bacteria;p__Proteobacteria;c__Gammaproteobacteria;o__Pseudomonadales;f__Litoricolaceae;g__HIMB30;s__HIMB30
A04_CKDN240018931_scaffolds.fasta_bin.11	d__Bacteria;p__Proteobacteria;c__Gammaproteobacteria;o__Pseudomonadales;f__Halieaceae;g__Aequoribacter;s__Aequoribacter
A04_CKDN240018931_scaffolds.fasta_bin.28	d__Bacteria;p__Bacteroidota;c__Bacteroidia;o__Flavobacteriales;f__UA16;g__UBA11663;s__
A04_CKDN240018931_scaffolds.fasta_bin.33	d__Bacteria;p__Proteobacteria;c__Alphaproteobacteria;o__Rhodobacterales;f__Rhodobacteraceae;g__M30B80;s__M30B80
A04_CKDN240018931_scaffolds.fasta_bin.34	d__Bacteria;p__Actinobacteriota;c__Acidimicrobiia;o__Acidimicrobiales;f__Ilumatobacteraceae;g__Casp-actino5;s__Casp-actino5
A04_CKDN240018931_scaffolds.fasta_bin.37	d__Bacteria;p__Proteobacteria;c__Gammaproteobacteria;o__Pseudomonadales;f__Halieaceae;g__Luminiphilus;s__
A04_CKDN240018931_scaffolds.fasta_bin.4	d__Bacteria;p__Verrucomicrobiota;c__Verrucomicrobiae;o__Verrucomicrobiales;f__Akkermansiaceae;g__SW10;s__
A04_CKDN240018931_scaffolds.fasta_bin.40	d__Bacteria;p__Proteobacteria;c__Gammaproteobacteria;o__Pseudomonadales;f__Litoricolaceae;g__HIMB30;s__HIMB30
A04_CKDN240018931_scaffolds.fasta_bin.44	d__Bacteria;p__Verrucomicrobiota;c__Verrucomicrobiae;o__Verrucomicrobiales;f__Akkermansiaceae;g__SW10;s__
A04_CKDN240018931_scaffolds.fasta_bin.46	d__Bacteria;p__Bdellovibrionota;c__Bacteriovoracia;o__Bacteriovoracales;f__Bacteriovoracaceae;g__;s__
A04_CKDN240018931_scaffolds.fasta_bin.48	d__Bacteria;p__Bacteroidota;c__Bacteroidia;o__Flavobacteriales;f__UA16;g__;s__
A04_CKDN240018931_scaffolds.fasta_bin.6	d__Bacteria;p__Bacteroidota;c__Bacteroidia;o__Flavobacteriales;f__Flavobacteriaceae;g__Polaribacter;s__
A04_CKDN240018931_scaffolds.fasta_bin.61	d__Bacteria;p__Proteobacteria;c__Alphaproteobacteria;o__Rhodobacterales;f__Rhodobacteraceae;g__Lutimaribacter;s__Lutimaribacter
A04_CKDN240018931_scaffolds.fasta_bin.62	d__Bacteria;p__Planctomycetota;c__Planctomycetia;o__Pirellulales;f__Pirellulaceae;g__Rubripirellula;s__Rubripirellula
A04_CKDN240018931_scaffolds.fasta_bin.71	d__Bacteria;p__Proteobacteria;c__Gammaproteobacteria;o__Burkholderiales;f__Methylophilaceae;g__BACL14;s__BACL14
A04_CKDN240018931_scaffolds.fasta_bin.78	d__Bacteria;p__Proteobacteria;c__Alphaproteobacteria;o__Rhodobacterales;f__Rhodobacteraceae;g__Planktomarina;s__Planktomarina
A05_CKDN240018932_scaffolds.fasta_bin.13	d__Bacteria;p__Verrucomicrobiota;c__Verrucomicrobiae;o__Verrucomicrobiales;f__Akkermansiaceae;g__SW10;s__
A05_CKDN240018932_scaffolds.fasta_bin.32	d__Bacteria;p__Actinobacteriota;c__Acidimicrobiia;o__Acidimicrobiales;f__Ilumatobacteraceae;g__Casp-actino5;s__Casp-actino5
A05_CKDN240018932_scaffolds.fasta_bin.39	d__Bacteria;p__Proteobacteria;c__Alphaproteobacteria;o__Rhodobacterales;f__Rhodobacteraceae;g__Lutimaribacter;s__Lutimaribacter
A05_CKDN240018932_scaffolds.fasta_bin.40	d__Bacteria;p__Verrucomicrobiota;c__Verrucomicrobiae;o__Verrucomicrobiales;f__Akkermansiaceae;g__SW10;s__
A05_CKDN240018932_scaffolds.fasta_bin.44	d__Bacteria;p__Cyanobacteria;c__Cyanobacteriia;o__PCC-6307;f__Cyanobiaceae;g__Vulcanococcus;s__Vulcanococcus
A05_CKDN240018932_scaffolds.fasta_bin.53	d__Bacteria;p__Proteobacteria;c__Alphaproteobacteria;o__Rhodobacterales;f__Rhodobacteraceae;g__Planktomarina;s__Planktomarina
A05_CKDN240018932_scaffolds.fasta_bin.55	d__Bacteria;p__Proteobacteria;c__Gammaproteobacteria;o__Pseudomonadales;f__Litoricolaceae;g__HIMB30;s__HIMB30
A05_CKDN240018932_scaffolds.fasta_bin.56	d__Bacteria;p__Bacteroidota;c__Bacteroidia;o__Flavobacteriales;f__UA16;g__;s__
A05_CKDN240018932_scaffolds.fasta_bin.64	d__Bacteria;p__Proteobacteria;c__Gammaproteobacteria;o__Pseudomonadales;f__Halieaceae;g__Luminiphilus;s__
A05_CKDN240018932_scaffolds.fasta_bin.76	d__Bacteria;p__Bdellovibrionota;c__Bacteriovoracia;o__Bacteriovoracales;f__Bacteriovoracaceae;g__;s__
A05_CKDN240018932_scaffolds.fasta_bin.79	d__Bacteria;p__Proteobacteria;c__Gammaproteobacteria;o__Pseudomonadales;f__Halieaceae;g__Aequoribacter;s__Aequoribacter
A06_CKDN240018933_scaffolds.fasta_bin.22	d__Bacteria;p__Proteobacteria;c__Gammaproteobacteria;o__Arenicellales;f__BMS3Bbin11;g__BMS3Bbin11;s__
A06_CKDN240018933_scaffolds.fasta_bin.49	d__Bacteria;p__Actinobacteriota;c__Acidimicrobiia;o__Acidimicrobiales;f__Ilumatobacteraceae;g__Casp-actino5;s__Casp-actino5
A07_CKDN240018934_scaffolds.fasta_bin.17	d__Bacteria;p__Proteobacteria;c__Alphaproteobacteria;o__Rhodobacterales;f__Rhodobacteraceae;g__Planktomarina;s__Planktomarina
A07_CKDN240018934_scaffolds.fasta_bin.38	d__Bacteria;p__Bacteroidota;c__Bacteroidia;o__Flavobacteriales;f__Flavobacteriaceae;g__Polaribacter;s__
A07_CKDN240018934_scaffolds.fasta_bin.46	d__Bacteria;p__Bacteroidota;c__Bacteroidia;o__Flavobacteriales;f__Schleiferiaceae;g__UBA10364;s__UBA10364
A07_CKDN240018934_scaffolds.fasta_bin.51	d__Bacteria;p__Proteobacteria;c__Gammaproteobacteria;o__Burkholderiales;f__Methylophilaceae;g__BACL14;s__BACL14
A07_CKDN240018934_scaffolds.fasta_bin.54	d__Bacteria;p__Proteobacteria;c__Gammaproteobacteria;o__Pseudomonadales;f__Litoricolaceae;g__HIMB30;s__HIMB30
A07_CKDN240018934_scaffolds.fasta_bin.59	d__Bacteria;p__Proteobacteria;c__Gammaproteobacteria;o__Pseudomonadales;f__Halieaceae;g__Aequoribacter;s__Aequoribacter
A07_CKDN240018934_scaffolds.fasta_bin.6	d__Bacteria;p__Proteobacteria;c__Alphaproteobacteria;o__Rhodobacterales;f__Rhodobacteraceae;g__Lutimaribacter;s__Lutimaribacter
A07_CKDN240018934_scaffolds.fasta_bin.70	d__Bacteria;p__Actinobacteriota;c__Acidimicrobiia;o__Acidimicrobiales;f__Ilumatobacteraceae;g__Casp-actino5;s__Casp-actino5
A08_CKDN240018935_scaffolds.fasta_bin.23	d__Bacteria;p__Actinobacteriota;c__Acidimicrobiia;o__Acidimicrobiales;f__Ilumatobacteraceae;g__Casp-actino5;s__Casp-actino5
A08_CKDN240018935_scaffolds.fasta_bin.24	d__Bacteria;p__Proteobacteria;c__Gammaproteobacteria;o__Pseudomonadales;f__Halieaceae;g__Aequoribacter;s__Aequoribacter
A08_CKDN240018935_scaffolds.fasta_bin.29	d__Bacteria;p__Proteobacteria;c__Gammaproteobacteria;o__Pseudomonadales;f__Litoricolaceae;g__HIMB30;s__HIMB30
A08_CKDN240018935_scaffolds.fasta_bin.31	d__Bacteria;p__Bacteroidota;c__Bacteroidia;o__Flavobacteriales;f__Flavobacteriaceae;g__Polaribacter;s__
A08_CKDN240018935_scaffolds.fasta_bin.32	d__Bacteria;p__Proteobacteria;c__Alphaproteobacteria;o__Rhodobacterales;f__Rhodobacteraceae;g__Planktomarina;s__Planktomarina
A08_CKDN240018935_scaffolds.fasta_bin.51	d__Bacteria;p__Proteobacteria;c__Alphaproteobacteria;o__Rhodobacterales;f__Rhodobacteraceae;g__HIMB11;s__HIMB11
A08_CKDN240018935_scaffolds.fasta_bin.56	d__Bacteria;p__Bacteroidota;c__Bacteroidia;o__Flavobacteriales;f__Schleiferiaceae;g__UBA10364;s__UBA10364
A08_CKDN240018935_scaffolds.fasta_bin.61	d__Bacteria;p__Proteobacteria;c__Alphaproteobacteria;o__Rhodobacterales;f__Rhodobacteraceae;g__Lutimaribacter;s__Lutimaribacter
A08_CKDN240018935_scaffolds.fasta_bin.64	d__Bacteria;p__Proteobacteria;c__Gammaproteobacteria;o__Burkholderiales;f__Methylophilaceae;g__BACL14;s__BACL14
A09_CKDN240018936_scaffolds.fasta_bin.14	d__Bacteria;p__Proteobacteria;c__Alphaproteobacteria;o__Rhodobacterales;f__Rhodobacteraceae;g__Planktomarina;s__Planktomarina
A09_CKDN240018936_scaffolds.fasta_bin.15	d__Bacteria;p__Actinobacteriota;c__Acidimicrobiia;o__Actinomarinales;f__Actinomarinaceae;g__Actinomarina;s__Actinomarina
A09_CKDN240018936_scaffolds.fasta_bin.23	d__Bacteria;p__Proteobacteria;c__Alphaproteobacteria;o__Rhodobacterales;f__Rhodobacteraceae;g__Lutimaribacter;s__Lutimaribacter
A09_CKDN240018936_scaffolds.fasta_bin.34	d__Bacteria;p__Proteobacteria;c__Gammaproteobacteria;o__Burkholderiales;f__Methylophilaceae;g__BACL14;s__BACL14
A09_CKDN240018936_scaffolds.fasta_bin.36	d__Bacteria;p__Proteobacteria;c__Gammaproteobacteria;o__Pseudomonadales;f__Litoricolaceae;g__HIMB30;s__HIMB30
A09_CKDN240018936_scaffolds.fasta_bin.39	d__Bacteria;p__Bacteroidota;c__Bacteroidia;o__Flavobacteriales;f__Schleiferiaceae;g__UBA10364;s__UBA10364
A09_CKDN240018936_scaffolds.fasta_bin.41	d__Bacteria;p__Proteobacteria;c__Gammaproteobacteria;o__Arenicellales;f__BMS3Bbin11;g__BMS3Bbin11;s__
A09_CKDN240018936_scaffolds.fasta_bin.42	d__Bacteria;p__Bacteroidota;c__Bacteroidia;o__Flavobacteriales;f__Flavobacteriaceae;g__Polaribacter;s__
A09_CKDN240018936_scaffolds.fasta_bin.44	d__Bacteria;p__Actinobacteriota;c__Acidimicrobiia;o__Acidimicrobiales;f__Ilumatobacteraceae;g__Casp-actino5;s__Casp-actino5
A10_CKDN240018937_scaffolds.fasta_bin.16	d__Bacteria;p__Actinobacteriota;c__Acidimicrobiia;o__Acidimicrobiales;f__Ilumatobacteraceae;g__Casp-actino5;s__Casp-actino5
A10_CKDN240018937_scaffolds.fasta_bin.23	d__Bacteria;p__Proteobacteria;c__Alphaproteobacteria;o__Rhodobacterales;f__Rhodobacteraceae;g__Planktomarina;s__Planktomarina
A10_CKDN240018937_scaffolds.fasta_bin.30	d__Bacteria;p__Bacteroidota;c__Bacteroidia;o__Flavobacteriales;f__Schleiferiaceae;g__UBA10364;s__UBA10364
A10_CKDN240018937_scaffolds.fasta_bin.40	d__Bacteria;p__Bacteroidota;c__Bacteroidia;o__Flavobacteriales;f__Flavobacteriaceae;g__Polaribacter;s__
A10_CKDN240018937_scaffolds.fasta_bin.45	d__Bacteria;p__Proteobacteria;c__Gammaproteobacteria;o__Pseudomonadales;f__Litoricolaceae;g__HIMB30;s__HIMB30
A11_CKDN240018938_scaffolds.fasta_bin.26	d__Bacteria;p__Proteobacteria;c__Alphaproteobacteria;o__Rhodobacterales;f__Rhodobacteraceae;g__Planktomarina;s__Planktomarina
A11_CKDN240018938_scaffolds.fasta_bin.30	d__Bacteria;p__Actinobacteriota;c__Acidimicrobiia;o__Acidimicrobiales;f__Ilumatobacteraceae;g__Casp-actino5;s__Casp-actino5
A11_CKDN240018938_scaffolds.fasta_bin.33	d__Bacteria;p__Bacteroidota;c__Bacteroidia;o__Flavobacteriales;f__Schleiferiaceae;g__UBA10364;s__UBA10364
A11_CKDN240018938_scaffolds.fasta_bin.42	d__Bacteria;p__Bacteroidota;c__Bacteroidia;o__Flavobacteriales;f__Flavobacteriaceae;g__Polaribacter;s__
A12_CKDN240018939_scaffolds.fasta_bin.17	d__Bacteria;p__Actinobacteriota;c__Acidimicrobiia;o__Acidimicrobiales;f__Ilumatobacteraceae;g__Casp-actino5;s__Casp-actino5
A12_CKDN240018939_scaffolds.fasta_bin.29	d__Bacteria;p__Proteobacteria;c__Gammaproteobacteria;o__Burkholderiales;f__Methylophilaceae;g__BACL14;s__BACL14
A12_CKDN240018939_scaffolds.fasta_bin.53	d__Bacteria;p__Bacteroidota;c__Bacteroidia;o__Flavobacteriales;f__Flavobacteriaceae;g__Polaribacter;s__
A12_CKDN240018939_scaffolds.fasta_bin.55	d__Bacteria;p__Proteobacteria;c__Alphaproteobacteria;o__Rhodobacterales;f__Rhodobacteraceae;g__Planktomarina;s__Planktomarina
A12_CKDN240018939_scaffolds.fasta_bin.8	d__Bacteria;p__Actinobacteriota;c__Acidimicrobiia;o__Actinomarinales;f__Actinomarinaceae;g__Actinomarina;s__Actinomarina
A13_CKDN240018940_scaffolds.fasta_bin.19	d__Bacteria;p__Actinobacteriota;c__Acidimicrobiia;o__Actinomarinales;f__Actinomarinaceae;g__Actinomarina;s__Actinomarina
A13_CKDN240018940_scaffolds.fasta_bin.21	d__Bacteria;p__Actinobacteriota;c__Acidimicrobiia;o__Acidimicrobiales;f__Ilumatobacteraceae;g__Casp-actino5;s__Casp-actino5
A13_CKDN240018940_scaffolds.fasta_bin.33	d__Bacteria;p__Proteobacteria;c__Gammaproteobacteria;o__Pseudomonadales;f__Litoricolaceae;g__HIMB30;s__HIMB30
A13_CKDN240018940_scaffolds.fasta_bin.51	d__Bacteria;p__Proteobacteria;c__Alphaproteobacteria;o__Rhodobacterales;f__Rhodobacteraceae;g__Planktomarina;s__Planktomarina
A13_CKDN240018940_scaffolds.fasta_bin.52	d__Bacteria;p__Bacteroidota;c__Bacteroidia;o__Flavobacteriales;f__Schleiferiaceae;g__UBA10364;s__UBA10364
A13_CKDN240018940_scaffolds.fasta_bin.56	d__Bacteria;p__Proteobacteria;c__Gammaproteobacteria;o__Burkholderiales;f__Methylophilaceae;g__BACL14;s__BACL14
A13_CKDN240018940_scaffolds.fasta_bin.64	d__Bacteria;p__Bacteroidota;c__Bacteroidia;o__Flavobacteriales;f__Flavobacteriaceae;g__Polaribacter;s__
A14_CKDN240018941_scaffolds.fasta_bin.19	d__Bacteria;p__Actinobacteriota;c__Acidimicrobiia;o__Actinomarinales;f__Actinomarinaceae;g__Actinomarina;s__Actinomarina
A14_CKDN240018941_scaffolds.fasta_bin.22	d__Bacteria;p__Proteobacteria;c__Alphaproteobacteria;o__Rhodobacterales;f__Rhodobacteraceae;g__Planktomarina;s__Planktomarina
A14_CKDN240018941_scaffolds.fasta_bin.52	d__Bacteria;p__Bacteroidota;c__Bacteroidia;o__Flavobacteriales;f__Schleiferiaceae;g__UBA10364;s__
A14_CKDN240018941_scaffolds.fasta_bin.7	d__Bacteria;p__Desulfobacterota;c__Desulfobulbia;o__Desulfobulbales;f__Desulfocapsaceae;g__JABDQA01;s__JABDQA01
A15_CKDN240018942_scaffolds.fasta_bin.24	d__Bacteria;p__Proteobacteria;c__Alphaproteobacteria;o__Rhodospirillales;f__Casp-alpha2;g__;s__
A15_CKDN240018942_scaffolds.fasta_bin.3	d__Bacteria;p__Proteobacteria;c__Alphaproteobacteria;o__Thalassobaculales;f__Thalassobaculaceae;g__JADHLJ01;s__
A15_CKDN240018942_scaffolds.fasta_bin.37	d__Bacteria;p__Proteobacteria;c__Gammaproteobacteria;o__Burkholderiales;f__UBA3031;g__;s__
A15_CKDN240018942_scaffolds.fasta_bin.46	d__Bacteria;p__Bacteroidota;c__Bacteroidia;o__Chitinophagales;f__Saprospiraceae;g__AM-2324;s__
A15_CKDN240018942_scaffolds.fasta_bin.47	d__Bacteria;p__Planctomycetota;c__Phycisphaerae;o__Phycisphaerales;f__Zrk34;g__;s__
A15_CKDN240018942_scaffolds.fasta_bin.48	d__Bacteria;p__Chlamydiota;c__Chlamydiia;o__JAAKFQ01;f__;g__;s__
A15_CKDN240018942_scaffolds.fasta_bin.49	d__Bacteria;p__Planctomycetota;c__Planctomycetia;o__Pirellulales;f__UBA7805;g__MB-PLM-2;s__
A15_CKDN240018942_scaffolds.fasta_bin.5	d__Bacteria;p__Proteobacteria;c__Gammaproteobacteria;o__Burkholderiales;f__Methylophilaceae;g__BACL14;s__BACL14
A15_CKDN240018942_scaffolds.fasta_bin.51	d__Bacteria;p__Proteobacteria;c__Alphaproteobacteria;o__UBA8366;f__GCA-2696645;g__GCA-2696645;s__
A15_CKDN240018942_scaffolds.fasta_bin.52	d__Bacteria;p__Proteobacteria;c__Alphaproteobacteria;o__Rhodobacterales;f__Rhodobacteraceae;g__Marivita;s__
A15_CKDN240018942_scaffolds.fasta_bin.55	d__Bacteria;p__Proteobacteria;c__Alphaproteobacteria;o__JACQOE01;f__JACQOE01;g__;s__
A15_CKDN240018942_scaffolds.fasta_bin.60	d__Bacteria;p__Desulfobacterota_B;c__Binatia;o__UBA1149;f__UBA1149;g__;s__
A15_CKDN240018942_scaffolds.fasta_bin.65	d__Bacteria;p__Proteobacteria;c__Alphaproteobacteria;o__SPJN01;f__SPJN01;g__SPJN01;s__
A15_CKDN240018942_scaffolds.fasta_bin.70	d__Bacteria;p__Proteobacteria;c__Alphaproteobacteria;o__Rhodospirillales;f__UBA2165;g__;s__
A15_CKDN240018942_scaffolds.fasta_bin.71	d__Bacteria;p__Proteobacteria;c__Alphaproteobacteria;o__Rhodospirillales;f__Casp-alpha2;g__TMED8;s__
A15_CKDN240018942_scaffolds.fasta_bin.73	d__Bacteria;p__Proteobacteria;c__Alphaproteobacteria;o__CADEGL01;f__CADEGL01;g__JABIRQ01;s__
A15_CKDN240018942_scaffolds.fasta_bin.74	d__Bacteria;p__Proteobacteria;c__Alphaproteobacteria;o__Parvibaculales;f__Parvibaculaceae;g__Mf105b01;s__Mf105b01
A15_CKDN240018942_scaffolds.fasta_bin.76	d__Bacteria;p__Planctomycetota;c__Planctomycetia;o__Pirellulales;f__Pirellulaceae;g__;s__
A15_CKDN240018942_scaffolds.fasta_bin.84	d__Bacteria;p__Proteobacteria;c__Gammaproteobacteria;o__Nevskiales;f__Oceanococcaceae;g__Oceanococcus;s__
A15_CKDN240018942_scaffolds.fasta_bin.86	d__Bacteria;p__Proteobacteria;c__Gammaproteobacteria;o__Nevskiales;f__Oceanococcaceae;g__MS8;s__
A15_CKDN240018942_scaffolds.fasta_bin.87	d__Bacteria;p__Planctomycetota;c__Planctomycetia;o__Planctomycetales;f__Planctomycetaceae;g__Rubinisphaera;s__
A15_CKDN240018942_scaffolds.fasta_bin.88	d__Bacteria;p__Planctomycetota;c__Planctomycetia;o__Planctomycetales;f__Planctomycetaceae;g__JABMPE01;s__JABMPE01
A15_CKDN240018942_scaffolds.fasta_bin.89	d__Bacteria;p__Proteobacteria;c__Alphaproteobacteria;o__UBA6615;f__UBA6615;g__JABJAG01;s__
A15_CKDN240018942_scaffolds.fasta_bin.9	d__Bacteria;p__Proteobacteria;c__Gammaproteobacteria;o__Ga0077536;f__Ga0077536;g__;s__
